README.md	07783e73aee450df3d482faf315f015753882fe0951851f02d27299782f0afbe
docs/frontend-workflow/README.md	095e4a84c98f5739cfc9599bc46d49cf657b0a94f9acdf32bb41a8f02fb19975
docs/frontend-workflow/_meta/conflicts.md	c61f41677eeec9c16400ad04d86be4a3b095ccf4c832fe2335e529feb26ff708
docs/frontend-workflow/_meta/decision-log.md	f4bb101c79bc536f8750807bc1523056283f2504525f42859292c56aef084986
docs/frontend-workflow/_meta/screen-inventory.snapshot.md	5babe86a5fb8b011f5e0a19af5f50660090ac867f5457be019ec57e37329dcc0
docs/frontend-workflow/_meta/tags.md	48ca9f86651ce3b09dedd589f703a22080f9be009fb42553f78c7bd8348449f1
docs/frontend-workflow/_meta/workflow-state.snapshot.md	720514452dd361472ee0201c32ac5e155894944f089a4a6d0ab029872ade984e
docs/frontend-workflow/api/api-error-policy.md	9632e3c8e58a95081006812d9b9dd0daab033fb83bc0731dde8c79d361971733
docs/frontend-workflow/api/api-manifest.md	a5c5bd2209e30711fd7cd02862b19b15a096805a251b54204d8174295878906e
docs/frontend-workflow/api/auth-session-policy.md	1f35db9aa3065c3a1562cadbe53e2b7a9bd9339d580bbb1b47465749431ac04f
docs/frontend-workflow/app/navigation-map.md	0d4a0f7a50552c0e260817801dda2ba88243b7bfffd27791b7e5a23c0bcbd243
docs/frontend-workflow/design/component-catalog.snapshot.md	5c79684749951e9200537525e0025e1dc8f0e04813adae723d410ee9128af3af
docs/frontend-workflow/design/component-guidelines.md	71336f6aa1e9503661970072b365459663622e10aeb0a52ca08e27d0602ccfb4
docs/frontend-workflow/domains/auth/domain-rules.md	bbd062cdf7749b74946357099d5b0d6bf6f8da98a9735576bce30c935330cd75
docs/frontend-workflow/domains/auth/flows.md	bdd436d506304eed97220ba9573afdb8d23f19a7edaab7a5afd9f05ab6a189f3
docs/frontend-workflow/domains/auth/screens/login/screen-spec.md	50c948f3832b2965c9b6c8b56c0b89c536bcf7e69bbd22528756efe18f6c641f
docs/frontend-workflow/domains/coupons/domain-rules.md	4be502b1fb457b9aad4a12f3e295a88845a5ee90f7e1382e63f6d37f9eb11d3a
docs/frontend-workflow/domains/coupons/flows.md	fdd17eb185f4ce9459fc74805be51dcb7c6ce75b485d1a768e3a799bd9454940
docs/frontend-workflow/domains/coupons/screens/coupon-detail/screen-spec.md	3b5d668f3421e9167e53214d8cc81f4f71dc7624cc777e053c8bcf7d6eb5abef
docs/frontend-workflow/domains/coupons/screens/coupon-list/screen-spec.md	9b9b1c2091f436765b79579e9eb7a326119eca7791bb3b91ac779ef4e356c99d
docs/frontend-workflow/domains/home/domain-rules.md	47135af3db43a1711a912b5fe7f2ad32dfa05ed0856499632b22a2f10d2c9780
docs/frontend-workflow/domains/home/flows.md	9c65b35fa5903d144612623c82d2affb183ec914d171e703b61a1ad43a578c70
docs/frontend-workflow/domains/home/screens/home/screen-spec.md	deed6ac4314a5517e1d0d73c1ac7b8e85fbdf282a3569bd7f8e895d216cfeae4
docs/frontend-workflow/domains/notices/domain-rules.md	68d2157c2b5f48e9c3e7d0e48079ad37b542d1bede4920e2f158dbfce739a96e
docs/frontend-workflow/domains/notices/flows.md	97ac99ad50a9686e5a7965ab8a98399bea89add5fc235d1e1763c6f83405de11
docs/frontend-workflow/domains/notices/screens/notice-list/screen-spec.md	225c5ca873e679bac40bfc642dab06df523915797f109faa302f265c6791487b
docs/frontend-workflow/domains/profile/domain-rules.md	0568470e6a6fd070b975650c8a11a927812ee3913bb684dcab2cae88cb5063a6
docs/frontend-workflow/domains/profile/flows.md	94c828d2647e6e4736e1348187880e0cc1aead433e2db7fa2abb313eef71374d
docs/frontend-workflow/domains/profile/screens/profile-edit/screen-spec.md	8377a4f08f7e9287373892952fcd16a55b8abc5dab0748d4b8b54263cdee5549
docs/frontend-workflow/global/component-gap-register.md	2277b91ee7b23a1a4ab6dbf541fa4271e6effe66cafe200548c883f22a6b6e29
reports/expected-readiness.md	ea328ae41744c1d0e5bc660a64339d214be4d29fc2d87b5957cf674696073fcf
reports/expected-validation.md	e18407117dc69de4dbba61eb1f27fe872393f0e6dcbfaf427f55851fb3fdf84c
reports/implementation-test-plan.md	6a428d2284ea4adc4c4dad86b17b631fae781ae9b042225ef0f2ed9cbaa92be1
